Rank,Total,SEO,AEO,GEO,Series,Words,Title,Slug,Entities,Why,AlreadyInDEV,URL
1,80,23,30,27,Soul Feast,529,Soul Feast #80: Who’s Driving Your Chariot? Krishna & The Great Battle – Gary Zukav’s Personal Experiences,soul-feast-80-whos-driving-your-chariot-krishna-the-great-battle-gary-zukavs-personal-experiences,Arjuna; Bhagavad Gita; Krishna; Mahabharata,"title largo | title pregunta/how-to | listas ricas | capitulado (timestamps) | entidades: Arjuna, Bhagavad Gita, Krishna, Mahabharata | deep-dive (Feast)",,https://seatofthesoul.com/soul-feast-80-whos-driving-your-chariot-krishna-the-great-battle-gary-zukavs-personal-experiences
2,79,32,23,24,Soul Feast,640,Soul Feast #74: Gary Zukav’s Personal Experiences – The Angel,soul-feast-74-gary-zukavs-personal-experiences-the-angel,Choose Love; Genesis,"title len ok | listas ricas | capitulado (timestamps) | entidades: Choose Love, Genesis | deep-dive (Feast)",,https://seatofthesoul.com/soul-feast-74-gary-zukavs-personal-experiences-the-angel
3,78,26,30,22,Soul Feast,650,Soul Feast #82: Creator or Victim? The Pain Driving Every Choice You Make – Gary Zukav’s Personal Experiences,soul-feast-82-creator-or-victim-the-pain-driving-every-choice-you-make-gary-zukavs-personal-experiences,Choose Love,title largo | title pregunta/how-to | listas ricas | capitulado (timestamps) | deep-dive (Feast),yes,https://seatofthesoul.com/soul-feast-82-creator-or-victim-the-pain-driving-every-choice-you-make-gary-zukavs-personal-experiences
4,77,23,30,24,Soul Feast,485,Soul Feast #77: Jesus – What Does It Mean To Be Guided By Him? – Gary Zukav’s Personal Experiences,soul-feast-77-jesus-what-does-it-mean-to-be-guided-by-him-gary-zukavs-personal-experiences,Christ; Genesis; Jesus,"title largo | title pregunta/how-to | listas ricas | capitulado (timestamps) | entidades: Christ, Genesis, Jesus | deep-dive (Feast)",,https://seatofthesoul.com/soul-feast-77-jesus-what-does-it-mean-to-be-guided-by-him-gary-zukavs-personal-experiences
5,76,26,23,27,Soul Feast,616,"Soul Feast #83: Choosing Love Over Revenge: From Sandy Hook to 18,000 Schools – Gary Zukav’s Personal Experiences",soul-feast-83-choosing-love-over-revenge-from-sandy-hook-to-18000-schools-gary-zukavs-personal-experiences-2,Choose Love; Sandy Hook; Scarlett Lewis,"title largo | listas ricas | capitulado (timestamps) | entidades: Choose Love, Sandy Hook, Scarlett Lewis | deep-dive (Feast)",,https://seatofthesoul.com/soul-feast-83-choosing-love-over-revenge-from-sandy-hook-to-18000-schools-gary-zukavs-personal-experiences-2
6,75,29,30,16,Soul Snack,509,Soul Snack #81: Judging Someone? This Is What You Should Do,soul-snack-81-judging-someone-this-is-what-you-should-do,,title len ok | title pregunta/how-to | listas ricas | capitulado (timestamps),,https://seatofthesoul.com/soul-snack-81-judging-someone-this-is-what-you-should-do
7,74,32,23,19,Soul Feast,654,Soul Feast #73: Gary Zukav’s Personal Experiences – Linda Part 3,soul-feast-73-gary-zukavs-personal-experiences-linda-part-3,,title len ok | listas ricas | capitulado (timestamps) | deep-dive (Feast),yes,https://seatofthesoul.com/soul-feast-73-gary-zukavs-personal-experiences-linda-part-3
8,73,23,23,27,Soul Feast,554,Soul Feast #81: Why You Are the Universe – Gary Zukav’s Personal Experiences,soul-feast-81-why-you-are-the-universe-gary-zukavs-personal-experiences,Buddha; Dancing Wu Li; Genesis; Jesus; Krishna,"title largo | listas ricas | capitulado (timestamps) | entidades: Buddha, Dancing Wu Li, Genesis, Jesus | deep-dive (Feast)",,https://seatofthesoul.com/soul-feast-81-why-you-are-the-universe-gary-zukavs-personal-experiences
9,73,23,23,27,Soul Feast,540,"Soul Feast #79: Buddha, Angels & the Moment My Mind Went Quiet – Gary Zukav’s Personal Experiences",soul-feast-79-buddha-angels-the-moment-my-mind-went-quiet-gary-zukavs-personal-experiences,Buddha; Choose Love; Christ; Genesis; Jesus,"title largo | listas ricas | capitulado (timestamps) | entidades: Buddha, Choose Love, Christ, Genesis | deep-dive (Feast)",,https://seatofthesoul.com/soul-feast-79-buddha-angels-the-moment-my-mind-went-quiet-gary-zukavs-personal-experiences
10,73,22,30,21,Soul Feast,281,Soul Feast #3: What is The New Consciousness?,what-is-the-new-consciousness,Genesis; Seat of the Soul,"title len ok | contenido corto | title pregunta/how-to | listas ricas | capitulado (timestamps) | entidades: Genesis, Seat of the Soul | deep-dive (Feast)",,https://seatofthesoul.com/what-is-the-new-consciousness
11,72,26,30,16,Soul Snack,357,Soul Snack #57: Why Does Challenging Anger Bring More Anger?,soul-snack-57-why-does-challenging-anger-bring-more-anger,Choose Love,title len ok | contenido corto | title pregunta/how-to | listas ricas | capitulado (timestamps),,https://seatofthesoul.com/soul-snack-57-why-does-challenging-anger-bring-more-anger
12,72,26,30,16,Soul Snack,342,Soul Snack #53: Is Painful Karma From a Good Deed Possible?,soul-snack-53-is-painful-karma-from-a-good-deed-possible,Choose Love,title len ok | contenido corto | title pregunta/how-to | listas ricas | capitulado (timestamps),,https://seatofthesoul.com/soul-snack-53-is-painful-karma-from-a-good-deed-possible
13,72,26,30,16,Soul Snack,331,Soul Snack #21: How Do I Challenge a Frightened Part of My Personality?,challenge-a-frightened-part-of-my-personality,Choose Love,contenido corto | title pregunta/how-to | listas ricas | capitulado (timestamps),,https://seatofthesoul.com/challenge-a-frightened-part-of-my-personality
14,72,26,30,16,Soul Snack,265,Soul Snack #10: How do I change the way I process energy?,how-do-i-change-the-way-i-process-energy,Seat of the Soul,title len ok | contenido corto | title pregunta/how-to | listas ricas | capitulado (timestamps),,https://seatofthesoul.com/how-do-i-change-the-way-i-process-energy
15,72,29,30,13,Soul Snack,408,Soul Snack # 34: How Can We Understand Suicide?,how-can-we-understand-suicide,,title len ok | title pregunta/how-to | listas ricas | capitulado (timestamps),,https://seatofthesoul.com/how-can-we-understand-suicide
16,72,29,30,13,Soul Snack,397,Soul Snack #30: When Are Boundaries Necessary?,when-are-boundaries-necessary,,title len ok | contenido corto | title pregunta/how-to | listas ricas | capitulado (timestamps),,https://seatofthesoul.com/when-are-boundaries-necessary
17,71,29,23,19,Soul Feast,524,Soul Feast #72: Gary Zukav’s Personal Experiences – Linda Part 2,soul-feast-72-gary-zukavs-personal-experiences-linda-part-2,,title len ok | listas ricas | capitulado (timestamps) | deep-dive (Feast),,https://seatofthesoul.com/soul-feast-72-gary-zukavs-personal-experiences-linda-part-2
18,71,29,23,19,Soul Feast,444,Soul Feast #75: Gary Zukav’s Personal Experiences – Angels,soul-feast-75-gary-zukavs-personal-experiences-angels,Dancing Wu Li,title len ok | listas ricas | capitulado (timestamps) | deep-dive (Feast),,https://seatofthesoul.com/soul-feast-75-gary-zukavs-personal-experiences-angels
19,71,22,30,19,Soul Feast,323,Soul Feast #1: How Is It That Oprah Called You?,how-oprah-called,Oprah,title len ok | contenido corto | title pregunta/how-to | listas ricas | capitulado (timestamps) | deep-dive (Feast),,https://seatofthesoul.com/how-oprah-called
20,71,29,23,19,Soul Feast,304,Soul Feast #18: What To Do Before You Speak or Act,what-to-do-before-you-speak-or-act,Seat of the Soul,title len ok | contenido corto | listas ricas | capitulado (timestamps) | deep-dive (Feast),,https://seatofthesoul.com/what-to-do-before-you-speak-or-act
21,71,25,30,16,Soul Snack,430,Soul Snack #43: How Can I Be Authentic and Grieve a Loss?,soul-snack-43-how-can-i-be-authentic-and-grieve-a-loss,Choose Love,title len ok | title pregunta/how-to | listas ricas | capitulado (timestamps),,https://seatofthesoul.com/soul-snack-43-how-can-i-be-authentic-and-grieve-a-loss
22,71,25,30,16,Soul Feast,386,Soul Feast #26 – Am I Joyful or Am I Happy?,am-i-joyful-or-am-i-happy,,title len ok | contenido corto | title pregunta/how-to | listas ricas | capitulado (timestamps) | deep-dive (Feast),,https://seatofthesoul.com/am-i-joyful-or-am-i-happy
23,71,28,30,13,Soul Snack,410,Soul Snack #35: Can Healing Be Spontaneous?,can-healing-be-spontaneous,,title len ok | title pregunta/how-to | listas ricas | capitulado (timestamps),,https://seatofthesoul.com/can-healing-be-spontaneous
24,70,21,30,19,Soul Feast,397,Soul Feast #51: What’s Real? Connection,soul-feast-51-whats-real-connection,Choose Love,title len ok | contenido corto | title pregunta/how-to | listas ricas | capitulado (timestamps) | deep-dive (Feast),,https://seatofthesoul.com/soul-feast-51-whats-real-connection
25,70,21,30,19,Soul Feast,390,Soul Feast #50: What’s Real? Meaning,soul-feast-50-whats-real-meaning,Choose Love,title len ok | contenido corto | title pregunta/how-to | listas ricas | capitulado (timestamps) | deep-dive (Feast),,https://seatofthesoul.com/soul-feast-50-whats-real-meaning
26,70,25,26,19,Soul Feast,388,Soul Feast #29: What is a Universal Human?,what-is-a-universal-human,Choose Love,title len ok | contenido corto | title pregunta/how-to | listas ricas | deep-dive (Feast),,https://seatofthesoul.com/what-is-a-universal-human
27,70,21,30,19,Soul Feast,386,Soul Feast #56: What’s Real? What Should I Do Now?,soul-feast-56-whats-real-what-should-i-do-now,Choose Love,title len ok | contenido corto | title pregunta/how-to | listas ricas | capitulado (timestamps) | deep-dive (Feast),,https://seatofthesoul.com/soul-feast-56-whats-real-what-should-i-do-now
28,70,22,30,18,Soul Snack,324,Soul Snack #52: How Can I Judge in Jury Duty?,soul-snack-52-how-can-i-judge-in-jury-duty,Choose Love; Gandhi,"title len ok | contenido corto | title pregunta/how-to | listas ricas | capitulado (timestamps) | entidades: Choose Love, Gandhi",,https://seatofthesoul.com/soul-snack-52-how-can-i-judge-in-jury-duty
29,69,20,30,19,Soul Feast,326,Soul Feast #2: Where Did the Inspiration for “The Seat of the Soul” Come From?,inspiration-for-the-seat-of-the-soul,Seat of the Soul,title largo | contenido corto | title pregunta/how-to | listas ricas | capitulado (timestamps) | deep-dive (Feast),,https://seatofthesoul.com/inspiration-for-the-seat-of-the-soul
30,69,26,30,13,Soul Snack,372,Soul Snack #50: Does Protecting My Business Come From Fear?,soul-snack-50-does-protecting-my-business-come-from-fear-2,,title len ok | contenido corto | title pregunta/how-to | listas ricas | capitulado (timestamps),,https://seatofthesoul.com/soul-snack-50-does-protecting-my-business-come-from-fear-2
31,69,26,30,13,Soul Snack,359,Soul Snack #55: Can There Be Multiple Intentions?,soul-snack-55-can-there-be-mulitple-intentions,,title len ok | contenido corto | title pregunta/how-to | listas ricas | capitulado (timestamps),,https://seatofthesoul.com/soul-snack-55-can-there-be-mulitple-intentions
32,69,26,30,13,Soul Snack,337,Soul Snack #33: What Inspired Gary to Change?,what-inspired-gary-to-change,,title len ok | contenido corto | title pregunta/how-to | listas ricas | capitulado (timestamps),,https://seatofthesoul.com/what-inspired-gary-to-change
33,68,26,23,19,Soul Feast,326,Soul Feast #9: Sharing: Your Soul’s Intention,sharing-your-souls-intention,Seat of the Soul,title len ok | contenido corto | listas ricas | capitulado (timestamps) | deep-dive (Feast),,https://seatofthesoul.com/sharing-your-souls-intention
34,68,19,30,19,Soul Feast,303,Soul Feast #14: What is Love?,what-is-love,Choose Love,contenido corto | title pregunta/how-to | listas ricas | capitulado (timestamps) | deep-dive (Feast),,https://seatofthesoul.com/what-is-love
35,68,22,30,16,Soul Snack,521,Soul Snack #73: Why is it Important to Experience Physical Sensations?,soul-snack-73-why-is-it-important-to-experience-physical-sensations,,title pregunta/how-to | listas ricas | capitulado (timestamps),,https://seatofthesoul.com/soul-snack-73-why-is-it-important-to-experience-physical-sensations
36,68,29,23,16,Soul Snack,474,Soul Snack #77: You Were Born To Choose Love,soul-snack-77-you-were-born-to-choose-love,Choose Love,title len ok | listas ricas | capitulado (timestamps),,https://seatofthesoul.com/soul-snack-77-you-were-born-to-choose-love
37,68,29,23,16,Soul Feast,362,SOUL FEAST # 17: The Underlying Gift of Addiction,the-underlying-gift-of-addiction,,title len ok | contenido corto | listas ricas | capitulado (timestamps) | deep-dive (Feast),,https://seatofthesoul.com/the-underlying-gift-of-addiction
38,68,22,30,16,Soul Snack,356,Soul Snack #59: How Can I Heal Anxiety?,soul-snack-59-how-can-i-heal-anxiety,Choose Love,title len ok | contenido corto | title pregunta/how-to | listas ricas | capitulado (timestamps),,https://seatofthesoul.com/soul-snack-59-how-can-i-heal-anxiety
39,68,29,23,16,Soul Feast,352,Soul Feast #24: What You Can Control,what-you-can-control,,title len ok | contenido corto | listas ricas | capitulado (timestamps) | deep-dive (Feast),,https://seatofthesoul.com/what-you-can-control
40,68,29,23,16,Soul Feast,346,Soul Feast #21: Choosing Roles in Spiritual Partnership,choosing-roles-in-spiritual-partnership,,title len ok | contenido corto | listas ricas | capitulado (timestamps) | deep-dive (Feast),,https://seatofthesoul.com/choosing-roles-in-spiritual-partnership
41,68,22,30,16,Soul Feast,266,Soul Feast #15: Why Choose Forgiveness?,why-choose-forgiveness,,title len ok | contenido corto | title pregunta/how-to | listas ricas | capitulado (timestamps) | deep-dive (Feast),,https://seatofthesoul.com/why-choose-forgiveness
42,68,25,30,13,Soul Snack,440,Soul Snack #78: Are You Actually Enjoying Your Life?,soul-snack-78-are-you-actually-enjoying-your-life,,title len ok | title pregunta/how-to | listas ricas | capitulado (timestamps),,https://seatofthesoul.com/soul-snack-78-are-you-actually-enjoying-your-life
43,68,25,30,13,Soul Snack,320,Soul Snack #18: Can Talents Learned in Past Lives Carry Over?,can-talents-learned-in-past-lives-carry-over,,title len ok | contenido corto | title pregunta/how-to | listas ricas | capitulado (timestamps),,https://seatofthesoul.com/can-talents-learned-in-past-lives-carry-over
44,67,25,23,19,Soul Snack,525,Soul Snack #82: The Reason Jealousy Keeps Coming Back,soul-snack-82-the-reason-jealousy-keeps-coming-back,Choose Love,title len ok | listas ricas | capitulado (timestamps),,https://seatofthesoul.com/soul-snack-82-the-reason-jealousy-keeps-coming-back
45,67,21,30,16,Soul Feast,383,Soul Feast #55: What’s Real? Creating Authentic Power,soul-feast-55-whats-real-creating-authentic-power,,title len ok | contenido corto | title pregunta/how-to | listas ricas | capitulado (timestamps) | deep-dive (Feast),,https://seatofthesoul.com/soul-feast-55-whats-real-creating-authentic-power
46,67,21,30,16,Soul Feast,353,Soul Feast #52: What’s Real? Reverence,soul-feast-52-whats-real-reverence,,title len ok | contenido corto | title pregunta/how-to | listas ricas | capitulado (timestamps) | deep-dive (Feast),,https://seatofthesoul.com/soul-feast-52-whats-real-reverence
47,66,24,23,19,Soul Feast,408,Soul Feast #58: Moving Beyond Stress,soul-feast-58-moving-beyond-stress,Choose Love,title len ok | listas ricas | capitulado (timestamps) | deep-dive (Feast),,https://seatofthesoul.com/soul-feast-58-moving-beyond-stress
48,66,17,30,19,Soul Feast,390,Soul Feast #57: What’s Real? The New Consciousness,soul-feast-57-whats-real-the-new-consciousness,Choose Love,title len ok | contenido corto | title pregunta/how-to | listas ricas | capitulado (timestamps) | deep-dive (Feast),,https://seatofthesoul.com/soul-feast-57-whats-real-the-new-consciousness
49,65,18,23,24,Soul Feast,502,Soul Feast #84: Scarlett Lewis – How to Choose Love While You’re Still in Pain: Scarlett Lewis- Gary Zukav’s Personal Experiences,soul-feast-84-scarlett-lewis-how-to-choose-love-while-youre-still-in-pain-scarlett-lewis-gary-zukavs-personal-experiences,Choose Love; Scarlett Lewis,"title largo | listas ricas | capitulado (timestamps) | entidades: Choose Love, Scarlett Lewis | deep-dive (Feast)",,https://seatofthesoul.com/soul-feast-84-scarlett-lewis-how-to-choose-love-while-youre-still-in-pain-scarlett-lewis-gary-zukavs-personal-experiences
50,65,24,20,21,Soul Feast,406,Soul Feast #41: What Am I Responsible For?,soul-feast-41-what-am-i-responsible-for,Choose Love; Seat of the Soul,"title len ok | title pregunta/how-to | capitulado (timestamps) | entidades: Choose Love, Seat of the Soul | deep-dive (Feast)",,https://seatofthesoul.com/soul-feast-41-what-am-i-responsible-for
