URL,Title,Series,SEO Score (0-100),Top Action #1,Top Action #2,Top Action #3,Yoast SEO Title Length,Meta Description Length,Word Count,Internal Links,Images Missing Alt
https://seatofthesoul.com/emotional-awareness-what-it-is-and-how-to-use-it,Soul Feast # 5: Emotional Awareness – What It Is and How to Use It,Soul Feast,30,Add meta description (120-160 chars),"Add internal links (currently 0, aim 3+)","Thin content (263 words, expand past 300)",99,0,263,0,0
https://seatofthesoul.com/cooperation-your-souls-intention,Soul Feast #10: Cooperation: Your Soul’s Intention,Soul Feast,30,Add meta description (120-160 chars),"Add internal links (currently 0, aim 3+)","Thin content (289 words, expand past 300)",83,0,289,0,0
https://seatofthesoul.com/why-choose-forgiveness,Soul Feast #15: Why Choose Forgiveness?,Soul Feast,30,Add meta description (120-160 chars),"Add internal links (currently 0, aim 3+)","Thin content (266 words, expand past 300)",72,0,266,0,0
https://seatofthesoul.com/how-to-trust-the-universe,Soul Feast #16: How to Trust the Universe,Soul Feast,30,Add meta description (120-160 chars),"Add internal links (currently 0, aim 3+)","Thin content (282 words, expand past 300)",74,0,282,0,0
https://seatofthesoul.com/what-is-the-new-consciousness,Soul Feast #3: What is The New Consciousness?,Soul Feast,30,Add meta description (120-160 chars),"Add internal links (currently 0, aim 3+)","Thin content (281 words, expand past 300)",78,0,281,0,0
https://seatofthesoul.com/soul-feast-7-intuition-non-physical-teachers,Soul Feast #7: Intuition & Non-Physical Teachers,Soul Feast,30,Add meta description (120-160 chars),"Add internal links (currently 0, aim 3+)","Thin content (280 words, expand past 300)",81,0,280,0,0
https://seatofthesoul.com/developing-compassion-the-heart-of-authentic-power,Soul Snack #12: Developing Compassion: The Heart of Authentic Power,Soul Snack,30,Add meta description (120-160 chars),"Add internal links (currently 0, aim 3+)","Thin content (274 words, expand past 300)",100,0,274,0,0
https://seatofthesoul.com/letting-go-of-anger-and-resentment,Soul Snack #13: Letting Go of Anger and Resentment,Soul Snack,30,Add meta description (120-160 chars),"Add internal links (currently 0, aim 3+)","Thin content (259 words, expand past 300)",83,0,259,0,0
https://seatofthesoul.com/freeing-yourself-of-painful-emotional-sensations,Soul Snack #14: Freeing Yourself of Painful Emotional Sensations,Soul Snack,30,Add meta description (120-160 chars),"Add internal links (currently 0, aim 3+)","Thin content (228 words, expand past 300)",97,0,228,0,0
https://seatofthesoul.com/experiences-of-multisensory-perception,Soul Snack #16: Experiences of Multisensory Perception,Soul Snack,30,Add meta description (120-160 chars),"Add internal links (currently 0, aim 3+)","Thin content (161 words, expand past 300)",87,0,161,0,0
https://seatofthesoul.com/higher-logic-of-the-heart,Soul Snack #2: The Higher Logic of the Heart,Soul Snack,30,Add meta description (120-160 chars),"Add internal links (currently 0, aim 3+)","Thin content (239 words, expand past 300)",77,0,239,0,0
https://seatofthesoul.com/ocean-meditation,Soul Snack #3: The Ocean Meditation,Soul Snack,30,Add meta description (120-160 chars),"Add internal links (currently 0, aim 3+)","Thin content (143 words, expand past 300)",68,0,143,0,0
https://seatofthesoul.com/the-voice-of-the-non-physical-world,Soul Snack #4: Intuition is the Voice of the Non-Physical World,Soul Snack,30,Add meta description (120-160 chars),"Add internal links (currently 0, aim 3+)","Thin content (215 words, expand past 300)",96,0,215,0,0
https://seatofthesoul.com/meditation-your-choices-shape-your-life,Soul Snack #5: Guided Meditation – Your Choices Shape Your Life,Soul Snack,30,Add meta description (120-160 chars),"Add internal links (currently 0, aim 3+)","Thin content (210 words, expand past 300)",96,0,210,0,0
https://seatofthesoul.com/soul-snack-6-creating-authentic-power-mastering-fear-choosing-love,Soul Snack #6: Creating Authentic Power – Mastering Fear & Choosing Love,Soul Snack,30,Add meta description (120-160 chars),"Add internal links (currently 0, aim 3+)","Thin content (217 words, expand past 300)",105,0,217,0,0
https://seatofthesoul.com/authentic-power-guided-meditation,Soul Snack #7: Guided Meditation for Authentic Power,Soul Snack,30,Add meta description (120-160 chars),"Add internal links (currently 0, aim 3+)","Thin content (182 words, expand past 300)",85,0,182,0,0
https://seatofthesoul.com/frightened-parts-of-your-personality,Soul Snack #8: Recognizing Frightened Parts of Your Personality,Soul Snack,30,Add meta description (120-160 chars),"Add internal links (currently 0, aim 3+)","Thin content (203 words, expand past 300)",96,0,203,0,0
https://seatofthesoul.com/soul-feast-6-responsible-choice-conscious-decisions,Soul Feast #6: Responsible Choice – Creating a Life of Love Through Conscious Decisions,Soul Feast,40,Add meta description (120-160 chars),"Add more internal links (currently 1, aim 3+)","Thin content (245 words, expand past 300)",120,0,245,1,0
https://seatofthesoul.com/harmony-your-souls-intention,Soul Feast #8: Harmony: Your Soul’s Intention,Soul Feast,40,Add meta description (120-160 chars),"Add more internal links (currently 1, aim 3+)","Thin content (276 words, expand past 300)",78,0,276,1,0
https://seatofthesoul.com/how-do-i-change-the-way-i-process-energy,Soul Snack #10: How do I change the way I process energy?,Soul Snack,40,Add meta description (120-160 chars),"Add more internal links (currently 1, aim 3+)","Thin content (265 words, expand past 300)",90,0,265,1,0
https://seatofthesoul.com/responding-to-anger-with-love,Soul Snack #11: Responding to Anger with Love,Soul Snack,40,Add meta description (120-160 chars),"Add more internal links (currently 1, aim 3+)","Thin content (263 words, expand past 300)",78,0,263,1,0
https://seatofthesoul.com/being-present-when-interacting,Soul Snack #15: Being Present When Interacting,Soul Snack,40,Add meta description (120-160 chars),"Add more internal links (currently 1, aim 3+)","Thin content (278 words, expand past 300)",79,0,278,1,0
https://seatofthesoul.com/giving-your-gifts,Soul Snack #1: Giving Your Gifts,Soul Snack,40,Add meta description (120-160 chars),"Add internal links (currently 0, aim 3+)","Thin content (221 words, expand past 300)",65,0,221,0,0
https://seatofthesoul.com/we-are-souls,Soul Snack #9: We Are Souls,Soul Snack,40,Add meta description (120-160 chars),"Add internal links (currently 0, aim 3+)","Thin content (291 words, expand past 300)",60,0,291,0,0
https://seatofthesoul.com/reverence-for-life,Soul Feast #11: Reverence for Life: Your Soul’s Intention,Soul Feast,42,Add meta description (120-160 chars),"Add internal links (currently 0, aim 3+)","Short content (304 words, ideal 500+)",90,0,304,0,0
https://seatofthesoul.com/spiritual-partnership-vs-marriage,Soul Feast #19: Spiritual Partnership vs Marriage,Soul Feast,42,Add meta description (120-160 chars),"Add internal links (currently 0, aim 3+)","Short content (336 words, ideal 500+)",82,0,336,0,0
https://seatofthesoul.com/growing-together-in-spiritual-partnership,Soul Feast #20: Growing Together in Spiritual Partnership,Soul Feast,42,Add meta description (120-160 chars),"Add internal links (currently 0, aim 3+)","Short content (345 words, ideal 500+)",90,0,345,0,0
https://seatofthesoul.com/saying-what-is-most-difficult-in-spiritual-partnership,Soul Feast #22: Saying What is Most Difficult in Spiritual Partnership,Soul Feast,42,Add meta description (120-160 chars),"Add internal links (currently 0, aim 3+)","Short content (353 words, ideal 500+)",103,0,353,0,0
https://seatofthesoul.com/new-male-and-the-new-female,Soul Feast #23: The New Male and The New Female,Soul Feast,42,Add meta description (120-160 chars),"Add internal links (currently 0, aim 3+)","Short content (359 words, ideal 500+)",80,0,359,0,0
https://seatofthesoul.com/what-to-do-about-disintegrating-social-structures,Soul Feast #25 – What to Do About Disintegrating Social Structures,Soul Feast,42,Add meta description (120-160 chars),"Add internal links (currently 0, aim 3+)","Short content (376 words, ideal 500+)",99,0,376,0,0
https://seatofthesoul.com/am-i-joyful-or-am-i-happy,Soul Feast #26 – Am I Joyful or Am I Happy?,Soul Feast,42,Add meta description (120-160 chars),"Add internal links (currently 0, aim 3+)","Short content (386 words, ideal 500+)",76,0,386,0,0
https://seatofthesoul.com/choice-karma-and-the-law-of-attraction,"Soul Feast #27 – Choice, Karma, and The Law of Attraction",Soul Feast,42,Add meta description (120-160 chars),"Add internal links (currently 0, aim 3+)","Short content (323 words, ideal 500+)",90,0,323,0,0
https://seatofthesoul.com/spiritual-partnership-and-the-law-of-attraction,Soul Feast #28: Spiritual Partnership and the Law of Attraction,Soul Feast,42,Add meta description (120-160 chars),"Add internal links (currently 0, aim 3+)","Short content (347 words, ideal 500+)",96,0,347,0,0
https://seatofthesoul.com/what-is-a-universal-human,Soul Feast #29: What is a Universal Human?,Soul Feast,42,Add meta description (120-160 chars),"Add internal links (currently 0, aim 3+)","Short content (388 words, ideal 500+)",75,0,388,0,0
https://seatofthesoul.com/everything-is-an-opportunity,Soul Feast #30: Everything is an Opportunity,Soul Feast,42,Add meta description (120-160 chars),"Add internal links (currently 0, aim 3+)","Short content (396 words, ideal 500+)",77,0,396,0,0
https://seatofthesoul.com/together-miniseries-3-the-birth-of-authentic-power,Soul Feast #33: Together Miniseries #3: The Birth of Authentic Power,Soul Feast,42,Add meta description (120-160 chars),"Add internal links (currently 0, aim 3+)","Short content (459 words, ideal 500+)",101,0,459,0,0
https://seatofthesoul.com/together-miniseries-5-the-journey-inside-fear,Soul Feast #35: Together Miniseries #5: The Journey Inside – Fear,Soul Feast,42,Add meta description (120-160 chars),"Add internal links (currently 0, aim 3+)","Short content (429 words, ideal 500+)",98,0,429,0,0
https://seatofthesoul.com/together-miniseries-6-the-journey-inside-love,Soul Feast #36: Together Miniseries #6: The Journey Inside – Love,Soul Feast,42,Add meta description (120-160 chars),"Add internal links (currently 0, aim 3+)","Short content (438 words, ideal 500+)",98,0,438,0,0
https://seatofthesoul.com/soul-feast-37-together-miniseries-7-where-were-going,Soul Feast #37: Together Miniseries #7: Where We’re Going,Soul Feast,42,Add meta description (120-160 chars),"Add internal links (currently 0, aim 3+)","Short content (457 words, ideal 500+)",90,0,457,0,0
https://seatofthesoul.com/soul-feast-44-non-physical-teachers-pt-1,Soul Feast #42: Non-Physical Teachers: Part 1,Soul Feast,42,Add meta description (120-160 chars),"Add internal links (currently 0, aim 3+)","Short content (456 words, ideal 500+)",78,0,456,0,0
https://seatofthesoul.com/soul-feast-47-what-to-do-about-polarization-in-my-family-or-workplace,Soul Feast #47: What to Do about Polarization in My Family or Workplace?,Soul Feast,42,Add meta description (120-160 chars),"Add internal links (currently 0, aim 3+)","Short content (480 words, ideal 500+)",105,0,480,0,0
https://seatofthesoul.com/creating-authentic-power-introduction,Soul Feast #4: Creating Authentic Power – Introduction,Soul Feast,42,Add meta description (120-160 chars),"Add internal links (currently 0, aim 3+)","Short content (327 words, ideal 500+)",87,0,327,0,0
https://seatofthesoul.com/soul-feast-53-whats-real-love-or-fear,Soul Feast #53: What’s Real? Love or Fear,Soul Feast,42,Add meta description (120-160 chars),"Add internal links (currently 0, aim 3+)","Short content (387 words, ideal 500+)",74,0,387,0,0
https://seatofthesoul.com/soul-feast-54-whats-real-authentic-power,Soul Feast #54: What’s Real? Authentic Power,Soul Feast,42,Add meta description (120-160 chars),"Add internal links (currently 0, aim 3+)","Short content (385 words, ideal 500+)",77,0,385,0,0
https://seatofthesoul.com/soul-feast-57-whats-real-the-new-consciousness,Soul Feast #57: What’s Real? The New Consciousness,Soul Feast,42,Add meta description (120-160 chars),"Add internal links (currently 0, aim 3+)","Short content (390 words, ideal 500+)",83,0,390,0,0
https://seatofthesoul.com/soul-feast-60-the-universe-doesnt-judge,Soul Feast #60: The Universe Doesn’t Judge,Soul Feast,42,Add meta description (120-160 chars),"Add internal links (currently 0, aim 3+)","Short content (411 words, ideal 500+)",75,0,411,0,0
https://seatofthesoul.com/soul-feast-63-evolution-of-consciousness-where-to-look-for-it,Soul Feast #63: Evolution of Consciousness: Where to Look for It,Soul Feast,42,Add meta description (120-160 chars),"Add internal links (currently 0, aim 3+)","Short content (455 words, ideal 500+)",97,0,455,0,0
https://seatofthesoul.com/soul-feast-69-guidelines-3-pay-attention-to-my-emotions,Soul Feast #69: GUIDELINES 3: Pay Attention to My Emotions,Soul Feast,42,Add meta description (120-160 chars),"Add internal links (currently 0, aim 3+)","Short content (458 words, ideal 500+)",91,0,458,0,0
https://seatofthesoul.com/soul-feast-71-gary-zukavs-personal-experiences-linda-part-1,Soul Feast #71: Gary Zukav’s Personal Experiences – Linda Part 1,Soul Feast,42,Add meta description (120-160 chars),"Add internal links (currently 0, aim 3+)","Short content (363 words, ideal 500+)",97,0,363,0,0
https://seatofthesoul.com/soul-snack-38-guided-meditation-partnership-between-equals,Soul Snack # 38: Guided Meditation (Partnership Between Equals),Soul Snack,42,Add meta description (120-160 chars),"Add internal links (currently 0, aim 3+)","Short content (354 words, ideal 500+)",96,0,354,0,0
https://seatofthesoul.com/soul-snack-39-how-do-i-deal-with-a-bad-decision,Soul Snack # 39: How Do I Deal with a “Bad” Decision (Someone Else’s),Soul Snack,42,Add meta description (120-160 chars),"Add internal links (currently 0, aim 3+)","Short content (368 words, ideal 500+)",102,0,368,0,0
https://seatofthesoul.com/how-to-grow-spiritually-when-depressed,Soul Snack #17: How to Grow Spiritually When Depressed,Soul Snack,42,Add meta description (120-160 chars),"Add internal links (currently 0, aim 3+)","Short content (340 words, ideal 500+)",87,0,340,0,0
https://seatofthesoul.com/can-talents-learned-in-past-lives-carry-over,Soul Snack #18: Can Talents Learned in Past Lives Carry Over?,Soul Snack,42,Add meta description (120-160 chars),"Add internal links (currently 0, aim 3+)","Short content (320 words, ideal 500+)",94,0,320,0,0
https://seatofthesoul.com/distinguishing-your-personality-from-your-soul,Soul Snack #20: Distinguishing Your Personality from Your Soul,Soul Snack,42,Add meta description (120-160 chars),"Add internal links (currently 0, aim 3+)","Short content (349 words, ideal 500+)",95,0,349,0,0
https://seatofthesoul.com/garys-first-encounter-with-multi-sensory-perception,Soul Snack #22: Gary’s First Encounter With Multi-Sensory Perception,Soul Snack,42,Add meta description (120-160 chars),"Add internal links (currently 0, aim 3+)","Short content (325 words, ideal 500+)",101,0,325,0,0
https://seatofthesoul.com/how-do-i-heal-depression,Soul Snack #26 – How Do I Heal Depression?,Soul Snack,42,Add meta description (120-160 chars),"Add internal links (currently 0, aim 3+)","Short content (405 words, ideal 500+)",75,0,405,0,0
https://seatofthesoul.com/pay-attention-to-your-emotions,Soul Snack #27: Pay Attention to Your Emotions,Soul Snack,42,Add meta description (120-160 chars),"Add internal links (currently 0, aim 3+)","Short content (382 words, ideal 500+)",79,0,382,0,0
https://seatofthesoul.com/underneath-reaction,Soul Snack #28: Underneath Reaction,Soul Snack,42,Add meta description (120-160 chars),"Add internal links (currently 0, aim 3+)","Short content (390 words, ideal 500+)",68,0,390,0,0
https://seatofthesoul.com/can-healing-be-spontaneous,Soul Snack #35: Can Healing Be Spontaneous?,Soul Snack,42,Add meta description (120-160 chars),"Add internal links (currently 0, aim 3+)","Short content (410 words, ideal 500+)",76,0,410,0,0
https://seatofthesoul.com/soul-snack-41-psychology-balancing-a-shattered-soul,Soul Snack #41:  Psychology – Balancing a Shattered Soul,Soul Snack,42,Add meta description (120-160 chars),"Add internal links (currently 0, aim 3+)","Short content (416 words, ideal 500+)",88,0,416,0,0
https://seatofthesoul.com/soul-snack-43-how-can-i-be-authentic-and-grieve-a-loss,Soul Snack #43: How Can I Be Authentic and Grieve a Loss?,Soul Snack,42,Add meta description (120-160 chars),"Add internal links (currently 0, aim 3+)","Short content (430 words, ideal 500+)",90,0,430,0,0
https://seatofthesoul.com/soul-snack-44-unsplinter-your-personality,Soul Snack #44: Unsplinter Your Personality,Soul Snack,42,Add meta description (120-160 chars),"Add internal links (currently 0, aim 3+)","Short content (435 words, ideal 500+)",76,0,435,0,0
https://seatofthesoul.com/soul-snack-47-how-to-trust,Soul Snack #47: How to Trust: Part 1,Soul Snack,42,Add meta description (120-160 chars),"Add internal links (currently 0, aim 3+)","Short content (395 words, ideal 500+)",69,0,395,0,0
https://seatofthesoul.com/soul-snack-51-are-there-evil-people-in-the-world,Soul Snack #51: Are There Evil People in the World?,Soul Snack,42,Add meta description (120-160 chars),"Add internal links (currently 0, aim 3+)","Short content (341 words, ideal 500+)",84,0,341,0,0
https://seatofthesoul.com/soul-snack-52-how-can-i-judge-in-jury-duty,Soul Snack #52: How Can I Judge in Jury Duty?,Soul Snack,42,Add meta description (120-160 chars),"Add internal links (currently 0, aim 3+)","Short content (324 words, ideal 500+)",78,0,324,0,0
https://seatofthesoul.com/soul-snack-56-how-can-i-change-my-overwhelm,Soul Snack #56: How Can I Change My Overwhelm?,Soul Snack,42,Add meta description (120-160 chars),"Add internal links (currently 0, aim 3+)","Short content (377 words, ideal 500+)",79,0,377,0,0
https://seatofthesoul.com/soul-snack-58-the-higher-logic-of-the-heart,Soul Snack #58: The Higher Logic of the Heart,Soul Snack,42,Add meta description (120-160 chars),"Add internal links (currently 0, aim 3+)","Short content (357 words, ideal 500+)",78,0,357,0,0
https://seatofthesoul.com/soul-snack-59-how-can-i-heal-anxiety,Soul Snack #59: How Can I Heal Anxiety?,Soul Snack,42,Add meta description (120-160 chars),"Add internal links (currently 0, aim 3+)","Short content (356 words, ideal 500+)",72,0,356,0,0
https://seatofthesoul.com/soul-snack-60-discern-your-intentions,Soul Snack #60: Discern Your Intentions,Soul Snack,42,Add meta description (120-160 chars),"Add internal links (currently 0, aim 3+)","Short content (347 words, ideal 500+)",72,0,347,0,0
https://seatofthesoul.com/soul-snack-61-emotional-indulgence,Soul Snack #61: Emotional Indulgence,Soul Snack,42,Add meta description (120-160 chars),"Add internal links (currently 0, aim 3+)","Short content (404 words, ideal 500+)",69,0,404,0,0
https://seatofthesoul.com/soul-snack-63-spiritual-partnership,Soul Snack #63: Spiritual Partnership,Soul Snack,42,Add meta description (120-160 chars),"Add internal links (currently 0, aim 3+)","Short content (447 words, ideal 500+)",70,0,447,0,0
https://seatofthesoul.com/soul-snack-64-spiritual-partnership-and-development,Soul Snack #64: Spiritual Partnership and Development,Soul Snack,42,Add meta description (120-160 chars),"Add internal links (currently 0, aim 3+)","Short content (427 words, ideal 500+)",86,0,427,0,0
https://seatofthesoul.com/soul-snack-69-what-does-my-soul-want,Soul Snack #69: What Does My Soul Want?,Soul Snack,42,Add meta description (120-160 chars),"Add internal links (currently 0, aim 3+)","Short content (459 words, ideal 500+)",72,0,459,0,0
https://seatofthesoul.com/soul-snack-71-courage-meditation,Soul Snack #71: Courage Meditation,Soul Snack,42,Add meta description (120-160 chars),"Add internal links (currently 0, aim 3+)","Short content (412 words, ideal 500+)",67,0,412,0,0
https://seatofthesoul.com/soul-snack-75-its-always-yours-to-do,Soul Snack #75: It’s Always Yours to Do,Soul Snack,42,Add meta description (120-160 chars),"Add internal links (currently 0, aim 3+)","Short content (390 words, ideal 500+)",72,0,390,0,0
https://seatofthesoul.com/soul-snack-78-are-you-actually-enjoying-your-life,Soul Snack #78: Are You Actually Enjoying Your Life?,Soul Snack,42,Add meta description (120-160 chars),"Add internal links (currently 0, aim 3+)","Short content (440 words, ideal 500+)",85,0,440,0,0
https://seatofthesoul.com/soul-snack-80-the-hidden-message-inside-every-emotion-youve-been-ignoring,Soul Snack #80: The Hidden Message Inside Every Emotion You’ve Been Ignoring,Soul Snack,42,Add meta description (120-160 chars),"Add internal links (currently 0, aim 3+)","Short content (455 words, ideal 500+)",109,0,455,0,0
https://seatofthesoul.com/soul-feast-65-how-can-i-change-the-world-from-the-new-consciousness,Soul Feast #65: How Can I Change the World from the New Consciousness?,Soul Feast,50,Add meta description (120-160 chars),"Add internal links (currently 0, aim 3+)","Title too long (103 chars, aim 30-65)",103,0,524,0,0
https://seatofthesoul.com/soul-snack-73-why-is-it-important-to-experience-physical-sensations,Soul Snack #73: Why is it Important to Experience Physical Sensations?,Soul Snack,50,Add meta description (120-160 chars),"Add internal links (currently 0, aim 3+)","Title too long (103 chars, aim 30-65)",103,0,521,0,0
https://seatofthesoul.com/soul-snack-82-the-reason-jealousy-keeps-coming-back,Soul Snack #82: The Reason Jealousy Keeps Coming Back,Soul Snack,50,Add meta description (120-160 chars),"Add internal links (currently 0, aim 3+)","Title too long (86 chars, aim 30-65)",86,0,525,0,0
https://seatofthesoul.com/soul-snack-83-stop-fighting-for-control-how-to-trade-external-power-for-authentic-power,Soul Snack #83: Stop Fighting for Control: How to Trade External Power for Authentic Power,Soul Snack,50,Add meta description (120-160 chars),"Add internal links (currently 0, aim 3+)","Title too long (123 chars, aim 30-65)",123,0,563,0,0
https://seatofthesoul.com/the-underlying-gift-of-addiction,SOUL FEAST # 17: The Underlying Gift of Addiction,Soul Feast,52,Add meta description (120-160 chars),"Add more internal links (currently 1, aim 3+)","Short content (362 words, ideal 500+)",82,0,362,1,0
https://seatofthesoul.com/why-humbleness-is-the-superpower-of-everyday-heroes,Soul Feast #12: Why Humbleness Is the Superpower of Everyday Heroes,Soul Feast,52,Add meta description (120-160 chars),"Add more internal links (currently 1, aim 3+)","Short content (342 words, ideal 500+)",100,0,342,1,0
https://seatofthesoul.com/use-clarity-and-choose-love,Soul Feast #13: Use Clarity and Choose Love!,Soul Feast,52,Add meta description (120-160 chars),"Add more internal links (currently 1, aim 3+)","Short content (316 words, ideal 500+)",77,0,316,1,0
https://seatofthesoul.com/what-is-love,Soul Feast #14: What is Love?,Soul Feast,52,Add meta description (120-160 chars),"Add internal links (currently 0, aim 3+)","Short content (303 words, ideal 500+)",62,0,303,0,0
https://seatofthesoul.com/what-to-do-before-you-speak-or-act,Soul Feast #18: What To Do Before You Speak or Act,Soul Feast,52,Add meta description (120-160 chars),"Add more internal links (currently 1, aim 3+)","Short content (304 words, ideal 500+)",83,0,304,1,0
https://seatofthesoul.com/how-oprah-called,Soul Feast #1: How Is It That Oprah Called You?,Soul Feast,52,"Meta description too long (393 chars, aim 120-160)","Add internal links (currently 0, aim 3+)","Short content (323 words, ideal 500+)",80,393,323,0,0
https://seatofthesoul.com/choosing-roles-in-spiritual-partnership,Soul Feast #21: Choosing Roles in Spiritual Partnership,Soul Feast,52,Add meta description (120-160 chars),"Add more internal links (currently 1, aim 3+)","Short content (346 words, ideal 500+)",88,0,346,1,0
https://seatofthesoul.com/what-you-can-control,Soul Feast #24: What You Can Control,Soul Feast,52,Add meta description (120-160 chars),"Add more internal links (currently 1, aim 3+)","Short content (352 words, ideal 500+)",69,0,352,1,0
https://seatofthesoul.com/inspiration-for-the-seat-of-the-soul,Soul Feast #2: Where Did the Inspiration for “The Seat of the Soul” Come From?,Soul Feast,52,Add meta description (120-160 chars),"Add more internal links (currently 1, aim 3+)","Short content (326 words, ideal 500+)",111,0,326,1,0
https://seatofthesoul.com/were-all-in-it-together,Soul Feast #31: Together Miniseries #1: We’re All In It Together,Soul Feast,52,Add meta description (120-160 chars),"Add more internal links (currently 1, aim 3+)","Short content (434 words, ideal 500+)",97,0,434,1,0
https://seatofthesoul.com/together-miniseries-2-the-death-of-external-power,Soul Feast #32: Together Miniseries #2: The Death of External Power,Soul Feast,52,Add meta description (120-160 chars),"Add more internal links (currently 1, aim 3+)","Short content (416 words, ideal 500+)",100,0,416,1,0
https://seatofthesoul.com/together-miniseries-4-the-beauty-of-the-contrast,Soul Feast #34: Together Miniseries #4: The Beauty of the Contrast,Soul Feast,52,Add meta description (120-160 chars),"Add more internal links (currently 1, aim 3+)","Short content (437 words, ideal 500+)",99,0,437,1,0
https://seatofthesoul.com/soul-feast-38-together-miniseries-8-the-biggest-surprise,Soul Feast #38: Together Miniseries #8: The Biggest Surprise,Soul Feast,52,Add meta description (120-160 chars),"Add more internal links (currently 1, aim 3+)","Short content (427 words, ideal 500+)",93,0,427,1,0
https://seatofthesoul.com/soul-feast-39-the-danger-of-forgetting,Soul Feast #39: The Danger of Forgetting: Let’s Not Repeat the Past,Soul Feast,52,Add meta description (120-160 chars),"Add more internal links (currently 1, aim 3+)","Short content (403 words, ideal 500+)",100,0,403,1,0
https://seatofthesoul.com/soul-feast-40-the-point-of-power-in-turbulent-times,Soul Feast #40: The Point of Power in Turbulent Times,Soul Feast,52,Add meta description (120-160 chars),"Add more internal links (currently 1, aim 3+)","Short content (406 words, ideal 500+)",86,0,406,1,0
https://seatofthesoul.com/soul-feast-41-what-am-i-responsible-for,Soul Feast #41: What Am I Responsible For?,Soul Feast,52,Add meta description (120-160 chars),"Add more internal links (currently 1, aim 3+)","Short content (406 words, ideal 500+)",75,0,406,1,0
https://seatofthesoul.com/soul-feast-44-the-gifts-of-temptation,Soul Feast #44: The Gifts of Temptation,Soul Feast,52,Add meta description (120-160 chars),"Add more internal links (currently 1, aim 3+)","Short content (460 words, ideal 500+)",72,0,460,1,0
https://seatofthesoul.com/soul-feast-45-how-can-you-respond-with-love-when-there-is-chaos-and-political-upheaval-all-around-you-2,Soul Feast #45: How Can You Respond with Love When There is Chaos and Political Upheaval All Around You?,Soul Feast,52,Add meta description (120-160 chars),"Add more internal links (currently 1, aim 3+)","Short content (488 words, ideal 500+)",137,0,488,1,0
https://seatofthesoul.com/soul-feast-46-resisting-political-divisiveness-and-conforming-to-fear,Soul Feast #46: Resisting Political Divisiveness and Conforming To Fear,Soul Feast,52,Add meta description (120-160 chars),"Add more internal links (currently 1, aim 3+)","Short content (479 words, ideal 500+)",104,0,479,1,0
https://seatofthesoul.com/soul-feast-48-are-current-world-events-the-cause-of-my-emotional-pain,Soul Feast #48: Are Current World Events the Cause of My Emotional Pain?,Soul Feast,52,Add meta description (120-160 chars),"Add more internal links (currently 1, aim 3+)","Short content (390 words, ideal 500+)",105,0,390,1,0
https://seatofthesoul.com/soul-feast-49-whats-real-ai,Soul Feast #49: What’s Real? AI,Soul Feast,52,Add meta description (120-160 chars),"Add internal links (currently 0, aim 3+)","Short content (395 words, ideal 500+)",64,0,395,0,0
https://seatofthesoul.com/soul-feast-50-whats-real-meaning,Soul Feast #50: What’s Real? Meaning,Soul Feast,52,Add meta description (120-160 chars),"Add more internal links (currently 1, aim 3+)","Short content (390 words, ideal 500+)",69,0,390,1,0
https://seatofthesoul.com/soul-feast-51-whats-real-connection,Soul Feast #51: What’s Real? Connection,Soul Feast,52,Add meta description (120-160 chars),"Add more internal links (currently 1, aim 3+)","Short content (397 words, ideal 500+)",72,0,397,1,0
https://seatofthesoul.com/soul-feast-52-whats-real-reverence,Soul Feast #52: What’s Real? Reverence,Soul Feast,52,Add meta description (120-160 chars),"Add more internal links (currently 1, aim 3+)","Short content (353 words, ideal 500+)",71,0,353,1,0
https://seatofthesoul.com/soul-feast-55-whats-real-creating-authentic-power,Soul Feast #55: What’s Real? Creating Authentic Power,Soul Feast,52,Add meta description (120-160 chars),"Add more internal links (currently 1, aim 3+)","Short content (383 words, ideal 500+)",86,0,383,1,0
https://seatofthesoul.com/soul-feast-56-whats-real-what-should-i-do-now,Soul Feast #56: What’s Real? What Should I Do Now?,Soul Feast,52,Add meta description (120-160 chars),"Add more internal links (currently 1, aim 3+)","Short content (386 words, ideal 500+)",83,0,386,1,0
https://seatofthesoul.com/soul-feast-58-moving-beyond-stress,Soul Feast #58: Moving Beyond Stress,Soul Feast,52,Add meta description (120-160 chars),"Add more internal links (currently 1, aim 3+)","Short content (408 words, ideal 500+)",69,0,408,1,0
https://seatofthesoul.com/soul-feast-59-everyone-is-fighting-a-great-battle,Soul Feast #59: Everyone is Fighting a Great Battle,Soul Feast,52,Add meta description (120-160 chars),"Add more internal links (currently 1, aim 3+)","Short content (352 words, ideal 500+)",84,0,352,1,0
https://seatofthesoul.com/soul-feast-62-compassion-is-not-for-cowards,Soul Feast #62: Compassion is Not for Cowards,Soul Feast,52,Add meta description (120-160 chars),"Add more internal links (currently 1, aim 3+)","Short content (420 words, ideal 500+)",78,0,420,1,0
https://seatofthesoul.com/soul-feast-66-the-authentic-power-guidelines-series-introduction,Soul Feast #66: The Authentic Power Guidelines: Series Introduction,Soul Feast,52,Add meta description (120-160 chars),"Add more internal links (currently 1, aim 3+)","Short content (447 words, ideal 500+)",100,0,447,1,0
https://seatofthesoul.com/soul-feast-67-guidelines-1-introduction-to-commitment-guidelines,Soul Feast #67: GUIDELINES 1: Introduction to Commitment Guidelines,Soul Feast,52,Add meta description (120-160 chars),"Add more internal links (currently 1, aim 3+)","Short content (435 words, ideal 500+)",100,0,435,1,0
https://seatofthesoul.com/soul-feast-68-guidelines-2-focusing-on-what-i-can-learn-about-myself,Soul Feast #68: GUIDELINES 2: Focusing on What I Can Learn About Myself,Soul Feast,52,Add meta description (120-160 chars),"Add more internal links (currently 1, aim 3+)","Short content (406 words, ideal 500+)",104,0,406,1,0
https://seatofthesoul.com/soul-feast-70-guidelines-4-pay-attention-to-my-thoughts,Soul Feast #70: GUIDELINES 4: Pay Attention to My Thoughts,Soul Feast,52,Add meta description (120-160 chars),"Add more internal links (currently 1, aim 3+)","Short content (342 words, ideal 500+)",91,0,342,1,0
https://seatofthesoul.com/soul-feast-75-gary-zukavs-personal-experiences-angels,Soul Feast #75: Gary Zukav’s Personal Experiences – Angels,Soul Feast,52,Add meta description (120-160 chars),"Add more internal links (currently 1, aim 3+)","Short content (444 words, ideal 500+)",91,0,444,1,0
https://seatofthesoul.com/soul-feast-76-gary-zukavs-personal-experiences-god,Soul Feast #76: Gary Zukav’s Personal Experiences – God,Soul Feast,52,Add meta description (120-160 chars),"Add more internal links (currently 1, aim 3+)","Short content (455 words, ideal 500+)",88,0,455,1,0
https://seatofthesoul.com/soul-feast-77-jesus-what-does-it-mean-to-be-guided-by-him-gary-zukavs-personal-experiences,Soul Feast #77: Jesus – What Does It Mean To Be Guided By Him? – Gary Zukav’s Personal Experiences,Soul Feast,52,Add meta description (120-160 chars),"Add more internal links (currently 1, aim 3+)","Short content (485 words, ideal 500+)",131,0,485,1,0
https://seatofthesoul.com/sharing-your-souls-intention,Soul Feast #9: Sharing: Your Soul’s Intention,Soul Feast,52,Add meta description (120-160 chars),"Add more internal links (currently 1, aim 3+)","Short content (326 words, ideal 500+)",78,0,326,1,0
https://seatofthesoul.com/how-can-we-understand-suicide,Soul Snack # 34: How Can We Understand Suicide?,Soul Snack,52,Add meta description (120-160 chars),"Add more internal links (currently 1, aim 3+)","Short content (408 words, ideal 500+)",80,0,408,1,0
https://seatofthesoul.com/the-pain-of-powerlessness,Soul Snack # 36: The Pain of Powerlessness,Soul Snack,52,Add meta description (120-160 chars),"Add more internal links (currently 1, aim 3+)","Short content (390 words, ideal 500+)",75,0,390,1,0
https://seatofthesoul.com/soul-snack-37-meditation-meeting-a-friend,Soul Snack # 37: Guided Meditation (Meeting a Friend),Soul Snack,52,Add meta description (120-160 chars),"Add more internal links (currently 1, aim 3+)","Short content (320 words, ideal 500+)",86,0,320,1,0
https://seatofthesoul.com/alcoholism-and-authentic-power,Soul Snack #19 Alcoholism and Authentic Power,Soul Snack,52,Add meta description (120-160 chars),"Add more internal links (currently 1, aim 3+)","Short content (319 words, ideal 500+)",78,0,319,1,0
https://seatofthesoul.com/challenge-a-frightened-part-of-my-personality,Soul Snack #21: How Do I Challenge a Frightened Part of My Personality?,Soul Snack,52,Add meta description (120-160 chars),"Add more internal links (currently 1, aim 3+)","Short content (331 words, ideal 500+)",104,0,331,1,0
https://seatofthesoul.com/deeper-than-defensive,Soul Snack #23: Deeper Than Defensive,Soul Snack,52,Add meta description (120-160 chars),"Add more internal links (currently 1, aim 3+)","Short content (341 words, ideal 500+)",70,0,341,1,0
https://seatofthesoul.com/care-giving-vs-care-taking,Soul Snack #24: Care-giving vs. Care-taking,Soul Snack,52,Add meta description (120-160 chars),"Add more internal links (currently 1, aim 3+)","Short content (316 words, ideal 500+)",76,0,316,1,0
https://seatofthesoul.com/what-is-evil,Soul Snack #25 – What is Evil?,Soul Snack,52,Add meta description (120-160 chars),"Add internal links (currently 0, aim 3+)","Short content (357 words, ideal 500+)",63,0,357,0,0
https://seatofthesoul.com/supporting-vs-projecting,Soul Snack #29: Supporting vs. Projecting,Soul Snack,52,Add meta description (120-160 chars),"Add more internal links (currently 1, aim 3+)","Short content (393 words, ideal 500+)",74,0,393,1,0
https://seatofthesoul.com/when-are-boundaries-necessary,Soul Snack #30: When Are Boundaries Necessary?,Soul Snack,52,Add meta description (120-160 chars),"Add more internal links (currently 1, aim 3+)","Short content (397 words, ideal 500+)",79,0,397,1,0
https://seatofthesoul.com/relating-to-someone-who-is-negative,Soul Snack #31: Relating to Someone Who is Negative,Soul Snack,52,Add meta description (120-160 chars),"Add more internal links (currently 1, aim 3+)","Short content (362 words, ideal 500+)",84,0,362,1,0
https://seatofthesoul.com/what-inspired-gary-to-change,Soul Snack #33: What Inspired Gary to Change?,Soul Snack,52,Add meta description (120-160 chars),"Add more internal links (currently 1, aim 3+)","Short content (337 words, ideal 500+)",78,0,337,1,0
https://seatofthesoul.com/soul-snack-40-how-do-i-change-my-self-destructive-behaviors,Soul Snack #40: How Do I Change My Self-Destructive Behaviors?,Soul Snack,52,Add meta description (120-160 chars),"Add more internal links (currently 1, aim 3+)","Short content (420 words, ideal 500+)",95,0,420,1,0
https://seatofthesoul.com/soul-snack-42-spiritual-growth-requires-relationships,Soul Snack #42: Spiritual Growth Requires Relationships,Soul Snack,52,Add meta description (120-160 chars),"Add more internal links (currently 1, aim 3+)","Short content (371 words, ideal 500+)",88,0,371,1,0
https://seatofthesoul.com/soul-snack-45-energy-into-matter-2,Soul Snack #45: Energy Into Matter,Soul Snack,52,Add meta description (120-160 chars),"Add more internal links (currently 1, aim 3+)","Short content (480 words, ideal 500+)",67,0,480,1,0
https://seatofthesoul.com/soul-snack-46-addiction-and-spiritual-growth,Soul Snack #46: Addiction and Spiritual Growth,Soul Snack,52,Add meta description (120-160 chars),"Add more internal links (currently 1, aim 3+)","Short content (368 words, ideal 500+)",79,0,368,1,0
https://seatofthesoul.com/soul-snack-48-how-to-trust-2,Soul Snack #48: How to Trust: Part 2,Soul Snack,52,Add meta description (120-160 chars),"Add more internal links (currently 1, aim 3+)","Short content (441 words, ideal 500+)",69,0,441,1,0
https://seatofthesoul.com/soul-snack-49-how-can-i-make-amends-for-past-behaviors,Soul Snack #49: How Can I Make Amends for Past Behaviors?,Soul Snack,52,Add meta description (120-160 chars),"Add more internal links (currently 1, aim 3+)","Short content (389 words, ideal 500+)",90,0,389,1,0
https://seatofthesoul.com/soul-snack-50-does-protecting-my-business-come-from-fear-2,Soul Snack #50: Does Protecting My Business Come From Fear?,Soul Snack,52,Add meta description (120-160 chars),"Add more internal links (currently 1, aim 3+)","Short content (372 words, ideal 500+)",92,0,372,1,0
https://seatofthesoul.com/soul-snack-53-is-painful-karma-from-a-good-deed-possible,Soul Snack #53: Is Painful Karma From a Good Deed Possible?,Soul Snack,52,Add meta description (120-160 chars),"Add more internal links (currently 1, aim 3+)","Short content (342 words, ideal 500+)",92,0,342,1,0
https://seatofthesoul.com/soul-snack-55-can-there-be-mulitple-intentions,Soul Snack #55: Can There Be Multiple Intentions?,Soul Snack,52,Add meta description (120-160 chars),"Add more internal links (currently 1, aim 3+)","Short content (359 words, ideal 500+)",82,0,359,1,0
https://seatofthesoul.com/soul-snack-57-why-does-challenging-anger-bring-more-anger,Soul Snack #57: Why Does Challenging Anger Bring More Anger?,Soul Snack,52,Add meta description (120-160 chars),"Add more internal links (currently 1, aim 3+)","Short content (357 words, ideal 500+)",93,0,357,1,0
https://seatofthesoul.com/soul-snack-62-supporting-vs-projecting,Soul Snack #62: Supporting vs. Projecting,Soul Snack,52,Add meta description (120-160 chars),"Add more internal links (currently 1, aim 3+)","Short content (463 words, ideal 500+)",74,0,463,1,0
https://seatofthesoul.com/soul-snack-65-supporting-with-love,Soul Snack #65: Supporting with Love,Soul Snack,52,Add meta description (120-160 chars),"Add more internal links (currently 1, aim 3+)","Short content (437 words, ideal 500+)",69,0,437,1,0
https://seatofthesoul.com/soul-snack-66-how-do-i-let-go-of-anger-and-resentment,Soul Snack #66: How Do I Let Go of Anger and Resentment?,Soul Snack,52,Add meta description (120-160 chars),"Add more internal links (currently 1, aim 3+)","Short content (475 words, ideal 500+)",89,0,475,1,0
https://seatofthesoul.com/soul-snack-67-align-your-personality-with-your-soul,Soul Snack #67: Align Your Personality with Your Soul,Soul Snack,52,Add meta description (120-160 chars),"Add more internal links (currently 1, aim 3+)","Short content (486 words, ideal 500+)",86,0,486,1,0
https://seatofthesoul.com/soul-snack-70-the-guest-house,Soul Snack #70: The Guest House,Soul Snack,52,Add meta description (120-160 chars),"Add internal links (currently 0, aim 3+)","Short content (367 words, ideal 500+)",64,0,367,0,0
https://seatofthesoul.com/soul-snack-72-your-life-is-an-adventure,Soul Snack #72: Your Life Is An Adventure,Soul Snack,52,Add meta description (120-160 chars),"Add more internal links (currently 1, aim 3+)","Short content (444 words, ideal 500+)",74,0,444,1,0
https://seatofthesoul.com/soul-snack-76-the-conversation-that-changes-everything,Soul Snack #76: The Conversation That Changes Everything,Soul Snack,52,Add meta description (120-160 chars),"Add more internal links (currently 1, aim 3+)","Short content (484 words, ideal 500+)",89,0,484,1,0
https://seatofthesoul.com/soul-snack-77-you-were-born-to-choose-love,Soul Snack #77: You Were Born To Choose Love,Soul Snack,52,Add meta description (120-160 chars),"Add more internal links (currently 1, aim 3+)","Short content (474 words, ideal 500+)",77,0,474,1,0
https://seatofthesoul.com/soul-snack-79-distractions-are-not-the-enemy,Soul Snack #79: Distractions Are Not the Enemy – They’re the Signal,Soul Snack,52,Add meta description (120-160 chars),"Add more internal links (currently 1, aim 3+)","Short content (421 words, ideal 500+)",100,0,421,1,0
https://seatofthesoul.com/soul-feast-61-how-you-experience-things-depends-on-how-you-hold-them,Soul Feast #61: How You Experience Things Depends on How You Hold Them,Soul Feast,60,Add meta description (120-160 chars),"Add more internal links (currently 1, aim 3+)","Title too long (103 chars, aim 30-65)",103,0,504,1,0
https://seatofthesoul.com/soul-feast-64-will-ai-change-human-evolution,Soul Feast #64: Will AI Change Human Evolution?,Soul Feast,60,Add meta description (120-160 chars),"Add more internal links (currently 1, aim 3+)","Title too long (80 chars, aim 30-65)",80,0,507,1,0
https://seatofthesoul.com/soul-feast-72-gary-zukavs-personal-experiences-linda-part-2,Soul Feast #72: Gary Zukav’s Personal Experiences – Linda Part 2,Soul Feast,60,Add meta description (120-160 chars),"Add more internal links (currently 1, aim 3+)","Title too long (97 chars, aim 30-65)",97,0,524,1,0
https://seatofthesoul.com/soul-feast-73-gary-zukavs-personal-experiences-linda-part-3,Soul Feast #73: Gary Zukav’s Personal Experiences – Linda Part 3,Soul Feast,60,Add meta description (120-160 chars),"Add more internal links (currently 1, aim 3+)","Title too long (97 chars, aim 30-65)",97,0,654,1,0
https://seatofthesoul.com/soul-feast-74-gary-zukavs-personal-experiences-the-angel,Soul Feast #74: Gary Zukav’s Personal Experiences – The Angel,Soul Feast,60,Add meta description (120-160 chars),"Add more internal links (currently 1, aim 3+)","Title too long (94 chars, aim 30-65)",94,0,640,1,0
https://seatofthesoul.com/soul-feast-78-how-pain-loss-jesus-transformed-my-view-of-resurrection-gary-zukavs-personal-experiences,"Soul Feast #78: How Pain, Loss & Jesus Transformed My View of Resurrection – Gary Zukav’s Personal Experiences",Soul Feast,60,Add meta description (120-160 chars),"Add more internal links (currently 1, aim 3+)","Title too long (143 chars, aim 30-65)",143,0,574,1,0
https://seatofthesoul.com/soul-feast-79-buddha-angels-the-moment-my-mind-went-quiet-gary-zukavs-personal-experiences,"Soul Feast #79: Buddha, Angels & the Moment My Mind Went Quiet – Gary Zukav’s Personal Experiences",Soul Feast,60,Add meta description (120-160 chars),"Add more internal links (currently 1, aim 3+)","Title too long (131 chars, aim 30-65)",131,0,540,1,0
https://seatofthesoul.com/soul-feast-80-whos-driving-your-chariot-krishna-the-great-battle-gary-zukavs-personal-experiences,Soul Feast #80: Who’s Driving Your Chariot? Krishna & The Great Battle – Gary Zukav’s Personal Experiences,Soul Feast,60,Add meta description (120-160 chars),"Add more internal links (currently 1, aim 3+)","Title too long (139 chars, aim 30-65)",139,0,529,1,0
https://seatofthesoul.com/soul-feast-81-why-you-are-the-universe-gary-zukavs-personal-experiences,Soul Feast #81: Why You Are the Universe – Gary Zukav’s Personal Experiences,Soul Feast,60,Add meta description (120-160 chars),"Add more internal links (currently 1, aim 3+)","Title too long (109 chars, aim 30-65)",109,0,554,1,0
https://seatofthesoul.com/soul-feast-82-creator-or-victim-the-pain-driving-every-choice-you-make-gary-zukavs-personal-experiences,Soul Feast #82: Creator or Victim? The Pain Driving Every Choice You Make – Gary Zukav’s Personal Experiences,Soul Feast,60,Add meta description (120-160 chars),"Add more internal links (currently 1, aim 3+)","Title too long (142 chars, aim 30-65)",142,0,650,1,0
https://seatofthesoul.com/soul-feast-83-choosing-love-over-revenge-from-sandy-hook-to-18000-schools-gary-zukavs-personal-experiences-2,"Soul Feast #83: Choosing Love Over Revenge: From Sandy Hook to 18,000 Schools – Gary Zukav’s Personal Experiences",Soul Feast,60,Add meta description (120-160 chars),"Add more internal links (currently 1, aim 3+)","Title too long (146 chars, aim 30-65)",146,0,616,1,0
https://seatofthesoul.com/soul-feast-84-scarlett-lewis-how-to-choose-love-while-youre-still-in-pain-scarlett-lewis-gary-zukavs-personal-experiences,Soul Feast #84: Scarlett Lewis – How to Choose Love While You’re Still in Pain: Scarlett Lewis- Gary Zukav’s Personal Experiences,Soul Feast,60,Add meta description (120-160 chars),"Add more internal links (currently 1, aim 3+)","Title too long (162 chars, aim 30-65)",162,0,502,1,0
https://seatofthesoul.com/soul-snack-74-every-moment-is-big,Soul Snack #74: Every Moment Is Big,Soul Snack,60,Add meta description (120-160 chars),"Add more internal links (currently 1, aim 3+)","Title too long (68 chars, aim 30-65)",68,0,500,1,0
https://seatofthesoul.com/soul-snack-81-judging-someone-this-is-what-you-should-do,Soul Snack #81: Judging Someone? This Is What You Should Do,Soul Snack,60,Add meta description (120-160 chars),"Add more internal links (currently 1, aim 3+)","Title too long (92 chars, aim 30-65)",92,0,509,1,0
https://seatofthesoul.com/soul-feast-43-temptation,Soul Feast #43: Temptation,Soul Feast,62,Add meta description (120-160 chars),"Add more internal links (currently 1, aim 3+)","Short content (445 words, ideal 500+)",59,0,445,1,0
https://seatofthesoul.com/soul-snack-54-feeling-sorrow,Soul Snack #54: Feeling Sorrow,Soul Snack,62,Add meta description (120-160 chars),"Add more internal links (currently 1, aim 3+)","Short content (407 words, ideal 500+)",63,0,407,1,0
https://seatofthesoul.com/soul-snack-68-distractions,Soul Snack #68: Distractions,Soul Snack,62,Add meta description (120-160 chars),"Add more internal links (currently 1, aim 3+)","Short content (423 words, ideal 500+)",61,0,423,1,0
https://seatofthesoul.com/staying-present,Soul Snack#32: Staying Present,Soul Snack,62,Add meta description (120-160 chars),"Add more internal links (currently 1, aim 3+)","Short content (412 words, ideal 500+)",63,0,412,1,0
